x,y
3.6,10.24
3.6,10.16
3.6,10.08
3.6,10.0
3.6,9.92
3.6,9.84
3.52,9.76
3.52,9.68
3.52,9.6
3.52,9.52
3.52,9.44
3.52,9.36
3.44,9.28
3.44,9.200000000000001
3.44,9.120000000000001
3.44,9.040000000000001
3.44,8.96
3.44,8.88
3.36,8.8
3.36,8.72
3.36,8.64
3.36,8.56
3.36,8.48
3.2800000000000002,8.4
3.2800000000000002,8.32
3.2800000000000002,8.24
3.2800000000000002,8.16
3.2800000000000002,8.08
3.2800000000000002,8.0
3.2800000000000002,7.92
3.2,7.84
3.2,7.76
3.2,7.68
3.2,7.6000000000000005
3.2,7.5200000000000005
3.2,7.44
3.12,7.36
3.12,7.28
3.12,7.2
3.12,7.12
3.12,7.04
3.12,6.96
3.12,6.88
3.04,6.8
3.04,6.72
3.04,6.640000000000001
3.04,6.5600000000000005
3.04,6.48
3.04,6.4
2.96,6.32
2.96,6.24
2.96,6.16
2.96,6.08
2.96,6.0
2.96,5.92
2.88,5.84
2.88,5.76
2.88,5.68
2.88,5.6000000000000005
2.88,5.5200000000000005
2.88,5.44
2.8000000000000003,5.36
2.8000000000000003,5.28
2.8000000000000003,5.2
2.8000000000000003,5.12
2.72,5.04
2.72,4.96
2.72,4.88
2.64,4.8
2.64,4.72
2.64,4.64
2.64,4.5600000000000005
2.56,4.48
2.56,4.4
2.56,4.32
2.56,4.24
2.48,4.16
2.48,4.08
2.48,4.0
2.4,3.92
2.4,3.84
2.4,3.7600000000000002
2.4,3.68
2.32,3.6
2.32,3.52
2.32,3.44
2.24,3.36
2.24,3.2800000000000002
2.24,3.2
2.16,3.12
2.16,3.04
2.16,2.96
2.16,2.88
2.08,2.8000000000000003
2.08,2.72
2.08,2.64
2.0,2.56
2.0,2.48
2.0,2.4
2.0,2.32
1.92,2.24
1.92,2.16
1.92,2.08
1.84,2.0
1.84,1.92
1.84,1.84
1.84,1.76
1.76,1.68
1.76,1.6
1.76,1.52
1.76,1.44
1.68,1.36
1.68,1.28
1.68,1.2
1.6,1.12
1.6,1.04
1.6,0.96
1.52,0.88
1.52,0.8
1.52,0.72
1.52,0.64
1.52,0.56
1.44,0.48
1.36,0.48
1.28,0.4
1.2,0.4
57.120000000000005,64.72
57.2,64.72
57.28,64.72
57.36,64.64
57.44,64.64
57.52,64.56
57.6,64.56
57.68,64.56
57.76,64.48
57.84,64.48
57.92,64.4
58.0,64.4
58.08,64.4
58.160000000000004,64.32000000000001
58.24,64.32000000000001
58.32,64.24
58.4,64.24
58.480000000000004,64.24
58.56,64.16
58.64,64.16
58.72,64.08
58.800000000000004,64.0
58.88,63.92
58.96,63.84
59.04,63.76
59.04,63.68
59.120000000000005,63.6
59.2,63.52
59.2,63.440000000000005
59.2,63.36
59.28,63.28
59.28,63.2
59.28,63.120000000000005
59.36,63.04
59.36,62.96
59.36,62.88
59.36,62.800000000000004
59.44,62.72
59.44,62.64
59.44,62.56
59.44,62.480000000000004
59.52,62.4
59.52,62.32
59.52,62.24
59.6,62.160000000000004
59.6,62.08
59.6,62.0
59.6,61.92
59.68,61.92
59.76,61.84
59.84,61.84
59.92,61.76
60.0,61.76
60.08,61.76
60.160000000000004,61.68
60.24,61.68
60.32,61.6
60.4,61.6
60.480000000000004,61.6
60.56,61.6
60.64,61.6
60.72,61.52
60.800000000000004,61.52
60.88,61.52
60.96,61.52
61.04,61.44
61.120000000000005,61.44
61.2,61.36
61.28,61.36
61.36,61.28
61.44,61.28
61.52,61.2
61.6,61.2
61.68,61.120000000000005
61.76,61.120000000000005
61.84,61.04
61.92,60.96
62.0,60.96
62.08,60.88
62.160000000000004,60.88
62.24,60.800000000000004
62.32,60.800000000000004
62.4,60.72
62.480000000000004,60.72
62.56,60.64
62.64,60.64
62.72,60.56
62.800000000000004,60.56
62.88,60.480000000000004
62.96,60.480000000000004
63.04,60.4
63.120000000000005,60.4
63.2,60.32
63.28,60.32
63.36,60.24
63.440000000000005,60.24
63.52,60.160000000000004
63.6,60.160000000000004
63.68,60.08
63.76,60.08
63.84,60.0
63.92,59.92
64.0,59.92
64.08,59.84
64.16,59.84
64.24,59.76
64.32000000000001,59.76
64.4,59.68
64.48,59.68
64.56,59.6
64.64,59.6
64.72,59.52
64.8,59.52
64.88,59.44
64.96000000000001,59.44
65.04,59.36
65.12,59.36
65.2,59.28
65.28,59.2
65.36,59.2
65.44,59.120000000000005
65.52,59.120000000000005
65.6,59.04
65.68,59.04
65.76,58.96
65.84,58.96
65.92,58.88
66.0,58.88
66.08,58.800000000000004
66.16,58.800000000000004
66.24,58.72
66.32000000000001,58.72
66.4,58.64
66.48,58.64
66.56,58.56
66.64,58.480000000000004
66.72,58.480000000000004
66.8,58.4
66.88,58.4
66.96000000000001,58.32
67.04,58.32
67.12,58.24
67.2,58.24
67.28,58.160000000000004
67.36,58.160000000000004
67.44,58.08
67.52,58.08
67.6,58.0
67.68,58.0
67.76,57.92
67.84,57.92
67.92,57.84
68.0,57.76
68.08,57.76
68.16,57.68
68.24,57.6
68.32000000000001,57.6
68.4,57.52
68.48,57.44
68.56,57.36
68.64,57.28
68.72,57.2
68.8,57.120000000000005
68.88,57.04
68.96000000000001,56.96
69.04,56.88
69.12,56.800000000000004
69.2,56.72
69.28,56.64
69.36,56.56
69.44,56.480000000000004
69.44,56.4
69.52,56.32
69.60000000000001,56.24
69.68,56.160000000000004
69.76,56.08
69.84,56.0
69.92,55.92
70.0,55.84
70.08,55.76
70.16,55.68
70.24,55.6
70.32000000000001,55.52
70.4,55.44
70.48,55.36
70.56,55.28
70.64,55.2
70.72,55.120000000000005
70.8,55.04
70.8,54.96
70.88,54.88
70.96000000000001,54.800000000000004
71.04,54.72
71.12,54.64
71.2,54.56
71.28,54.480000000000004
71.28,54.4
71.36,54.32
71.36,54.24
71.36,54.160000000000004
71.44,54.08
71.52,54.0
71.52,53.92
71.52,53.84
71.60000000000001,53.76
71.60000000000001,53.68
71.60000000000001,53.6
71.68,53.52
71.68,53.44
71.68,53.36
71.76,53.28
71.76,53.2
71.76,53.120000000000005
71.76,53.04
71.84,52.96
71.84,52.88
71.84,52.800000000000004
71.92,52.72
71.92,52.64
71.92,52.56
72.0,52.480000000000004
72.0,52.4
72.0,52.32
72.08,52.24
72.08,52.160000000000004
72.08,52.08
72.16,52.0
72.16,51.92
72.16,51.84
72.16,51.76
72.24,51.68
72.24,51.6
72.24,51.52
72.32000000000001,51.44
72.32000000000001,51.36
72.32000000000001,51.28
72.4,51.2
72.4,51.120000000000005
72.4,51.04
72.48,50.96
72.48,50.88
72.48,50.800000000000004
72.48,50.72
72.56,50.64
72.56,50.56
72.56,50.480000000000004
72.64,50.4
72.64,50.32
72.64,50.24
72.72,50.160000000000004
72.72,50.08
72.72,50.0
72.8,49.92
72.8,49.84
72.8,49.76
72.8,49.68
72.88,49.6
72.88,49.52
72.88,49.44
72.96000000000001,49.36
72.96000000000001,49.28
72.96000000000001,49.2
73.04,49.120000000000005
73.04,49.04
73.04,48.96
73.04,48.88
73.12,48.800000000000004
73.12,48.72
73.12,48.64
73.2,48.56
73.2,48.480000000000004
73.2,48.4
73.28,48.32
73.28,48.24
73.28,48.160000000000004
73.36,48.08
73.36,48.0
73.36,47.92
73.44,47.84
73.44,47.76
73.44,47.68
73.52,47.6
73.52,47.52
73.52,47.44
73.60000000000001,47.36
73.60000000000001,47.28
73.60000000000001,47.2
73.60000000000001,47.12
73.68,47.04
73.68,46.96
73.68,46.88
73.76,46.800000000000004
73.76,46.72
73.76,46.64
73.76,46.56
73.84,46.480000000000004
73.84,46.4
73.84,46.32
73.92,46.24
73.92,46.160000000000004
73.92,46.08
74.0,46.0
74.0,45.92
74.0,45.84
74.08,45.76
74.08,45.68
74.08,45.6
74.08,45.52
74.16,45.44
74.16,45.36
74.16,45.28
74.24,45.2
74.24,45.12
74.24,45.04
74.32000000000001,44.96
74.32000000000001,44.88
74.32000000000001,44.800000000000004
74.4,44.72
74.4,44.64
74.4,44.56
74.4,44.480000000000004
74.48,44.4
74.48,44.32
74.48,44.24
74.56,44.160000000000004
74.56,44.08
74.56,44.0
74.64,43.92
74.64,43.84
74.64,43.76
74.72,43.68
74.72,43.6
74.72,43.52
74.72,43.44
74.8,43.36
74.8,43.28
74.8,43.2
74.88,43.12
74.88,43.04
74.88,42.96
74.96000000000001,42.88
74.96000000000001,42.800000000000004
74.96000000000001,42.72
75.04,42.64
75.04,42.56
75.04,42.480000000000004
75.04,42.4
75.12,42.32
75.12,42.24
75.12,42.160000000000004
75.2,42.08
75.2,42.0
75.2,41.92
75.28,41.84
75.28,41.76
75.28,41.68
75.36,41.6
75.36,41.52
75.36,41.44
75.44,41.36
75.44,41.28
75.44,41.2
75.44,41.12
75.52,41.04
75.52,40.96
75.52,40.88
75.60000000000001,40.800000000000004
75.60000000000001,40.72
75.60000000000001,40.64
75.60000000000001,40.56
75.68,40.480000000000004
75.68,40.4
75.68,40.32
75.76,40.24
75.76,40.160000000000004
75.76,40.08
75.84,40.0
75.84,39.92
75.84,39.84
75.92,39.76
75.92,39.68
75.92,39.6
76.0,39.52
76.0,39.44
76.0,39.36
76.0,39.28
76.08,39.2
76.08,39.12
76.08,39.04
76.16,38.96
76.16,38.88
76.16,38.800000000000004
76.24,38.72
76.24,38.64
76.24,38.56
76.24,38.480000000000004
76.32000000000001,38.4
76.32000000000001,38.32
76.32000000000001,38.24
76.4,38.160000000000004
76.4,38.08
76.4,38.0
76.48,37.92
76.48,37.84
76.48,37.76
76.56,37.68
76.56,37.6
76.56,37.52
76.56,37.44
76.56,37.36
76.56,37.28
76.64,37.2
76.64,37.12
76.64,37.04
76.64,36.96
76.64,36.88
76.64,36.800000000000004
76.72,36.72
76.72,36.64
76.72,36.56
76.72,36.480000000000004
76.72,36.4
76.72,36.32
76.72,36.24
76.72,36.160000000000004
76.72,36.08
76.72,36.0
76.72,35.92
76.72,35.84
76.72,35.76
76.8,35.68
76.8,35.6
76.8,35.52
76.8,35.44
76.8,35.36
76.8,35.28
76.8,35.2
76.8,35.12
76.8,35.04
76.8,34.96
76.8,34.88
76.8,34.800000000000004
76.8,34.72
76.88,34.64
76.88,34.56
76.88,34.480000000000004
76.88,34.4
76.88,34.32
76.88,34.24
76.88,34.160000000000004
76.88,34.08
76.88,34.0
76.88,33.92
76.88,33.84
76.96000000000001,33.76
76.96000000000001,33.68
76.96000000000001,33.6
76.96000000000001,33.52
76.96000000000001,33.44
76.96000000000001,33.36
76.96000000000001,33.28
76.96000000000001,33.2
76.96000000000001,33.12
76.96000000000001,33.04
76.96000000000001,32.96
76.96000000000001,32.88
76.96000000000001,32.8
77.04,32.72
77.04,32.64
77.04,32.56
77.04,32.480000000000004
77.04,32.4
77.04,32.32
77.04,32.24
77.04,32.160000000000004
77.04,32.08
77.04,32.0
77.04,31.92
77.04,31.84
77.12,31.76
77.12,31.68
77.12,31.6
77.12,31.52
77.12,31.44
77.12,31.36
77.12,31.28
77.12,31.2
77.12,31.12
77.12,31.04
77.12,30.96
77.12,30.88
77.2,30.8
77.2,30.72
77.2,30.64
77.2,30.560000000000002
77.2,30.48
77.2,30.400000000000002
77.2,30.32
77.2,30.240000000000002
77.2,30.16
77.2,30.080000000000002
77.2,30.0
77.2,29.92
77.28,29.84
77.28,29.76
77.28,29.68
77.28,29.6
77.28,29.52
77.28,29.44
77.28,29.36
77.28,29.28
77.28,29.2
77.28,29.12
77.28,29.04
77.28,28.96
77.28,28.88
77.36,28.8
77.36,28.72
77.36,28.64
77.36,28.560000000000002
77.36,28.48
77.36,28.400000000000002
77.36,28.32
77.36,28.240000000000002
77.36,28.16
77.36,28.080000000000002
77.36,28.0
77.36,27.92
77.44,27.84
77.44,27.76
77.44,27.68
77.44,27.6
77.44,27.52
77.44,27.44
77.44,27.36
77.44,27.28
77.44,27.2
77.44,27.12
77.44,27.04
77.44,26.96
77.44,26.88
77.44,26.8
77.44,26.72
77.52,26.64
77.52,26.560000000000002
77.52,26.48
77.52,26.400000000000002
77.52,26.32
77.52,26.240000000000002
77.52,26.16
77.52,26.080000000000002
77.52,26.0
77.52,25.92
77.52,25.84
77.52,25.76
77.52,25.68
77.60000000000001,25.6
77.60000000000001,25.52
77.60000000000001,25.44
77.60000000000001,25.36
77.60000000000001,25.28
77.60000000000001,25.2
77.60000000000001,25.12
77.60000000000001,25.04
77.60000000000001,24.96
77.60000000000001,24.88
77.68,24.8
77.68,24.72
77.68,24.64
77.68,24.560000000000002
77.68,24.48
77.68,24.400000000000002
77.68,24.32
77.68,24.240000000000002
77.68,24.16
77.68,24.080000000000002
77.68,24.0
77.68,23.92
77.76,23.84
77.76,23.76
77.76,23.68
77.76,23.6
77.76,23.52
77.76,23.44
77.76,23.36
77.76,23.28
77.76,23.2
77.76,23.12
77.76,23.04
77.76,22.96
77.84,22.88
77.84,22.8
77.84,22.72
77.84,22.64
77.84,22.56
77.84,22.48
77.84,22.400000000000002
77.84,22.32
77.84,22.240000000000002
77.84,22.16
77.84,22.080000000000002
77.84,22.0
77.84,21.92
77.92,21.84
77.92,21.76
77.92,21.68
77.92,21.6
77.92,21.52
77.92,21.44
77.92,21.36
77.92,21.28
77.92,21.2
77.92,21.12
77.92,21.04
77.92,20.96
78.0,20.88
78.0,20.8
78.0,20.72
78.0,20.64
78.0,20.56
78.0,20.48
78.0,20.400000000000002
78.0,20.32
78.0,20.240000000000002
78.0,20.16
78.0,20.080000000000002
78.0,20.0
78.0,19.92
78.0,19.84
78.08,19.76
78.08,19.68
78.08,19.6
78.08,19.52
78.08,19.44
78.08,19.36
78.08,19.28
78.08,19.2
78.08,19.12
78.08,19.04
78.08,18.96
78.08,18.88
78.08,18.8
78.08,18.72
78.08,18.64
78.16,18.56
78.16,18.48
78.16,18.400000000000002
78.16,18.32
78.16,18.240000000000002
78.16,18.16
78.16,18.080000000000002
78.16,18.0
78.16,17.92
78.16,17.84
78.16,17.76
78.16,17.68
78.24,17.6
78.24,17.52
78.24,17.44
78.24,17.36
78.24,17.28
78.24,17.2
78.24,17.12
78.24,17.04
78.24,16.96
78.24,16.88
78.24,16.8
78.24,16.72
78.32000000000001,16.64
78.32000000000001,16.56
78.32000000000001,16.48
78.32000000000001,16.4
78.32000000000001,16.32
78.32000000000001,16.240000000000002
78.32000000000001,16.16
78.32000000000001,16.080000000000002
78.32000000000001,16.0
78.32000000000001,15.92
78.32000000000001,15.84
78.32000000000001,15.76
78.32000000000001,15.68
78.32000000000001,15.6
78.32000000000001,15.52
78.32000000000001,15.44
78.32000000000001,15.36
78.32000000000001,15.280000000000001
78.32000000000001,15.200000000000001
78.32000000000001,15.120000000000001
78.32000000000001,15.040000000000001
78.32000000000001,14.96
78.32000000000001,14.88
78.32000000000001,14.8
78.32000000000001,14.72
78.32000000000001,14.64
78.32000000000001,14.56
78.4,14.48
78.4,14.4
78.32000000000001,14.32
78.32000000000001,14.24
78.32000000000001,14.16
78.24,14.16
78.16,14.16
78.08,14.08
78.0,14.08
77.92,14.08
77.84,14.0
77.76,14.0
77.68,14.0
77.60000000000001,13.92
77.52,13.92
77.44,13.92
77.36,13.92
77.28,13.84
77.2,13.84
77.12,13.84
77.04,13.76
76.96000000000001,13.76
76.88,13.68
76.8,13.6
76.72,13.52
76.64,13.44
76.56,13.36
76.48,13.280000000000001
76.4,13.200000000000001
76.32000000000001,13.120000000000001
76.24,13.040000000000001
76.16,12.96
76.08,12.88
76.0,12.8
75.92,12.8
75.84,12.72
75.76,12.64
75.68,12.56
75.60000000000001,12.48
75.52,12.4
75.44,12.32
75.36,12.24
75.28,12.16
75.2,12.08
75.12,12.0
75.04,11.92
74.96000000000001,11.84
74.88,11.76
74.8,11.68
74.72,11.6
74.64,11.52
74.56,11.52
74.48,11.44
74.4,11.36
74.32000000000001,11.28
74.24,11.200000000000001
74.16,11.120000000000001
74.08,11.040000000000001
74.0,10.96
73.92,10.88
73.84,10.8
73.76,10.72
73.68,10.64
73.60000000000001,10.56
73.52,10.48
73.44,10.4
73.36,10.32
73.28,10.24
73.2,10.24
73.12,10.16
73.04,10.08
72.96000000000001,10.0
72.88,9.92
72.8,9.84
72.72,9.76
72.64,9.68
72.56,9.6
72.48,9.52
72.4,9.44
72.32000000000001,9.36
72.24,9.28
72.16,9.200000000000001
72.08,9.120000000000001
72.0,9.040000000000001
71.92,8.96
71.84,8.88
71.84,8.8
71.76,8.72
71.68,8.64
71.68,8.56
71.60000000000001,8.48
71.52,8.4
71.44,8.32
71.44,8.24
71.36,8.16
71.28,8.08
71.28,8.0
71.2,7.92
71.12,7.84
71.12,7.76
71.04,7.68
70.96000000000001,7.6000000000000005
70.88,7.5200000000000005
70.88,7.44
70.8,7.36
70.72,7.28
70.72,7.2
70.64,7.12
70.56,7.04
70.56,6.96
70.48,6.88
70.4,6.8
70.32000000000001,6.72
70.24,6.640000000000001
70.24,6.5600000000000005
70.16,6.48
70.08,6.4
70.08,6.32
70.0,6.24
69.92,6.16
69.92,6.08
69.84,6.0
69.76,5.92
69.68,5.84
69.68,5.76
69.60000000000001,5.68
69.52,5.6000000000000005
69.52,5.5200000000000005
69.44,5.44
69.36,5.36
69.28,5.28
69.2,5.2
69.12,5.12
69.04,5.12
68.96000000000001,5.04
68.88,4.96
68.8,4.88
68.72,4.88
68.64,4.8
68.56,4.72
68.48,4.72
68.4,4.64
68.32000000000001,4.5600000000000005
68.24,4.48
68.16,4.4
68.08,4.4
68.0,4.32
67.92,4.24
67.84,4.16
67.76,4.16
67.68,4.08
67.6,4.0
67.52,3.92
67.44,3.92
67.36,3.84
67.28,3.7600000000000002
67.2,3.68
67.12,3.6
67.04,3.6
66.96000000000001,3.52
66.88,3.44
66.8,3.36
66.72,3.36
66.64,3.2800000000000002
66.56,3.2
66.48,3.2
66.4,3.2
66.32000000000001,3.12
66.24,3.12
66.16,3.12
66.08,3.12
66.0,3.04
65.92,3.04
65.84,3.04
65.76,3.04
65.68,3.04
65.6,3.04
65.52,3.04
65.44,3.04
65.36,3.04
65.28,3.04
65.2,3.04
65.12,3.04
65.04,3.04
64.96000000000001,3.04
64.88,3.04
64.8,3.12
64.72,3.12
64.64,3.12
64.56,3.12
64.48,3.12
64.4,3.12
64.32000000000001,3.2
64.24,3.2
64.16,3.2
64.08,3.2
64.0,3.2
63.92,3.2
63.84,3.2
63.76,3.2800000000000002
63.68,3.2800000000000002
63.6,3.2800000000000002
63.52,3.2800000000000002
63.440000000000005,3.2800000000000002
63.36,3.2800000000000002
63.28,3.2800000000000002
63.2,3.36
63.120000000000005,3.36
63.04,3.36
62.96,3.36
62.88,3.36
62.800000000000004,3.36
62.72,3.36
62.64,3.44
62.56,3.44
62.480000000000004,3.44
62.4,3.44
62.32,3.52
62.24,3.52
62.160000000000004,3.52
62.08,3.52
62.0,3.6
61.92,3.6
61.84,3.68
61.76,3.68
61.68,3.68
61.6,3.68
61.52,3.7600000000000002
61.44,3.7600000000000002
61.36,3.84
61.28,3.92
61.2,3.92
61.120000000000005,4.0
61.04,4.08
60.96,4.08
60.88,4.16
60.800000000000004,4.16
60.72,4.24
60.64,4.24
60.56,4.32
60.480000000000004,4.4
60.4,4.4
60.32,4.48
60.24,4.48
60.160000000000004,4.5600000000000005
60.08,4.64
60.0,4.64
59.92,4.72
59.84,4.72
59.76,4.8
59.68,4.88
59.6,4.88
59.52,4.96
59.44,4.96
59.36,5.04
59.28,5.04
59.2,5.12
59.120000000000005,5.2
59.04,5.2
58.96,5.28
58.88,5.36
58.800000000000004,5.36
58.72,5.44
58.64,5.44
58.56,5.5200000000000005
58.480000000000004,5.5200000000000005
58.4,5.6000000000000005
58.32,5.68
58.24,5.68
58.160000000000004,5.76
58.08,5.76
58.0,5.84
57.92,5.92
57.84,5.92
57.76,6.0
57.68,6.0
57.6,6.08
57.52,6.08
57.44,6.16
57.36,6.24
57.28,6.24
57.2,6.32
57.120000000000005,6.4
57.04,6.4
56.96,6.48
56.88,6.48
56.800000000000004,6.5600000000000005
56.72,6.640000000000001
56.64,6.640000000000001
56.56,6.72
56.480000000000004,6.72
56.4,6.8
56.32,6.8
56.24,6.88
56.160000000000004,6.96
56.08,6.96
56.0,7.04
55.92,7.04
55.84,7.12
55.76,7.2
55.68,7.2
55.6,7.28
55.52,7.28
55.44,7.36
55.36,7.44
55.28,7.44
55.2,7.5200000000000005
55.120000000000005,7.5200000000000005
55.04,7.6000000000000005
54.96,7.68
54.88,7.68
54.800000000000004,7.76
54.72,7.76
54.64,7.84
54.56,7.84
54.480000000000004,7.92
54.4,8.0
54.32,8.0
54.24,8.08
54.160000000000004,8.08
54.08,8.16
54.0,8.24
53.92,8.24
53.84,8.32
53.76,8.32
53.68,8.4
53.6,8.48
53.52,8.48
53.44,8.56
53.36,8.56
53.28,8.64
53.2,8.64
53.120000000000005,8.72
53.04,8.8
52.96,8.8
52.88,8.88
52.800000000000004,8.88
52.72,8.96
52.64,9.040000000000001
52.56,9.040000000000001
52.480000000000004,9.120000000000001
52.4,9.200000000000001
52.32,9.200000000000001
52.24,9.28
52.160000000000004,9.28
52.08,9.36
52.0,9.36
51.92,9.44
51.84,9.52
51.76,9.52
51.68,9.6
51.6,9.6
51.52,9.68
51.44,9.76
51.36,9.76
51.28,9.84
51.2,9.84
51.120000000000005,9.92
51.04,9.92
50.96,10.0
50.88,10.08
50.800000000000004,10.08
50.72,10.16
50.64,10.16
50.56,10.24
50.480000000000004,10.32
50.4,10.32
50.32,10.4
50.24,10.48
50.160000000000004,10.56
50.08,10.64
50.0,10.72
49.92,10.8
49.92,10.88
49.84,10.96
49.76,11.040000000000001
49.76,11.120000000000001
49.68,11.200000000000001
49.6,11.28
49.6,11.36
49.52,11.44
49.44,11.52
49.44,11.6
49.36,11.68
49.28,11.76
49.2,11.84
49.2,11.92
49.120000000000005,12.0
49.04,12.08
49.04,12.16
48.96,12.24
48.88,12.32
48.88,12.4
48.800000000000004,12.48
48.72,12.56
48.72,12.64
48.64,12.72
48.56,12.8
48.56,12.88
48.480000000000004,12.96
48.4,13.040000000000001
48.4,13.120000000000001
48.32,13.200000000000001
48.24,13.280000000000001
48.24,13.36
48.160000000000004,13.44
48.08,13.52
48.0,13.6
48.0,13.68
47.92,13.76
47.84,13.84
47.84,13.92
47.76,14.0
47.68,14.08
47.68,14.16
47.6,14.24
47.52,14.32
47.52,14.4
47.44,14.48
47.36,14.56
47.36,14.64
47.28,14.72
47.2,14.8
47.2,14.88
47.12,14.96
47.04,15.040000000000001
47.04,15.120000000000001
46.96,15.200000000000001
46.88,15.280000000000001
46.88,15.36
46.800000000000004,15.44
46.72,15.52
46.64,15.6
46.64,15.68
46.56,15.76
46.480000000000004,15.84
46.480000000000004,15.92
46.4,16.0
46.32,16.080000000000002
46.32,16.16
46.24,16.240000000000002
46.160000000000004,16.32
46.160000000000004,16.4
46.08,16.48
46.0,16.56
46.0,16.64
45.92,16.72
45.84,16.8
45.76,16.88
45.76,16.96
45.68,17.04
45.6,17.12
45.6,17.2
45.52,17.28
45.44,17.36
45.44,17.44
45.36,17.52
45.28,17.6
45.2,17.68
45.12,17.76
45.04,17.84
44.96,17.92
44.88,18.0
44.800000000000004,18.080000000000002
44.72,18.16
44.64,18.16
44.56,18.240000000000002
44.480000000000004,18.32
44.4,18.400000000000002
44.32,18.400000000000002
44.24,18.48
44.160000000000004,18.56
44.08,18.64
44.0,18.64
43.92,18.72
43.84,18.8
43.76,18.88
43.68,18.88
43.6,18.96
43.52,19.04
43.44,19.12
43.36,19.12
43.28,19.2
43.2,19.28
43.12,19.36
43.04,19.36
42.96,19.44
42.88,19.52
42.800000000000004,19.6
42.72,19.6
42.64,19.68
42.56,19.76
42.480000000000004,19.84
42.4,19.84
42.32,19.92
42.24,20.0
42.160000000000004,20.0
42.08,20.080000000000002
42.0,20.16
41.92,20.240000000000002
41.84,20.240000000000002
41.76,20.32
41.68,20.400000000000002
41.6,20.48
41.52,20.48
41.44,20.56
41.36,20.64
41.28,20.72
41.2,20.72
41.12,20.8
41.04,20.88
40.96,20.88
40.88,20.96
40.800000000000004,21.04
40.72,21.12
40.64,21.12
40.56,21.2
40.480000000000004,21.28
40.4,21.36
40.32,21.36
40.24,21.44
40.160000000000004,21.52
40.08,21.6
40.0,21.6
39.92,21.68
39.84,21.76
39.76,21.76
39.68,21.84
39.6,21.92
39.52,22.0
39.44,22.0
39.36,22.080000000000002
39.28,22.16
39.2,22.16
39.12,22.240000000000002
39.04,22.32
38.96,22.400000000000002
38.88,22.400000000000002
38.800000000000004,22.48
38.72,22.56
38.64,22.64
38.56,22.64
38.480000000000004,22.72
38.4,22.8
38.32,22.88
38.24,22.96
38.160000000000004,22.96
38.08,23.04
38.0,23.12
37.92,23.2
37.92,23.28
37.84,23.36
37.76,23.44
37.76,23.52
37.68,23.6
37.68,23.68
37.6,23.76
37.6,23.84
37.52,23.92
37.52,24.0
37.44,24.080000000000002
37.44,24.16
37.36,24.240000000000002
37.36,24.32
37.28,24.400000000000002
37.28,24.48
37.2,24.560000000000002
37.12,24.64
37.12,24.72
37.04,24.8
37.04,24.88
36.96,24.96
36.96,25.04
36.88,25.12
36.88,25.2
36.800000000000004,25.28
36.800000000000004,25.36
36.72,25.44
36.72,25.52
36.64,25.6
36.64,25.68
36.64,25.76
36.64,25.84
36.64,25.92
36.56,26.0
36.56,26.080000000000002
36.56,26.16
36.56,26.240000000000002
36.56,26.32
36.480000000000004,26.400000000000002
36.4,26.48
36.32,26.560000000000002
36.24,26.64
36.24,26.72
36.32,26.72
36.4,26.8
36.480000000000004,26.88
36.56,26.96
36.64,27.04
36.72,27.12
36.800000000000004,27.2
36.88,27.28
36.96,27.36
37.04,27.44
37.12,27.52
37.2,27.6
37.28,27.68
37.36,27.76
37.44,27.84
37.52,27.92
37.6,28.0
37.6,28.080000000000002
37.68,28.16
37.76,28.240000000000002
37.84,28.32
37.92,28.400000000000002
38.0,28.48
38.08,28.560000000000002
38.160000000000004,28.64
38.24,28.72
38.32,28.8
38.4,28.88
38.480000000000004,28.96
38.56,29.04
38.64,29.12
38.72,29.2
38.72,29.28
38.800000000000004,29.36
38.88,29.44
38.96,29.52
39.04,29.6
39.12,29.68
39.2,29.76
39.28,29.84
39.36,29.92
39.44,30.0
39.52,30.0
39.6,30.080000000000002
39.68,30.16
39.76,30.16
39.84,30.240000000000002
39.92,30.32
40.0,30.32
40.08,30.400000000000002
40.160000000000004,30.48
40.24,30.48
40.32,30.560000000000002
40.4,30.560000000000002
40.480000000000004,30.64
40.56,30.72
40.64,30.72
40.72,30.8
40.800000000000004,30.8
40.88,30.88
40.96,30.96
41.04,30.96
41.12,31.04
41.2,31.12
41.28,31.12
41.36,31.2
41.44,31.2
41.52,31.28
41.6,31.36
41.68,31.36
41.76,31.44
41.84,31.44
41.92,31.52
42.0,31.6
42.08,31.6
42.160000000000004,31.68
42.24,31.76
42.32,31.76
42.4,31.84
42.480000000000004,31.84
42.56,31.92
42.64,32.0
42.72,32.0
42.800000000000004,32.08
42.88,32.08
42.96,32.160000000000004
43.04,32.24
43.12,32.32
43.2,32.4
43.28,32.480000000000004
43.36,32.56
43.44,32.64
43.44,32.72
43.52,32.8
43.6,32.88
43.68,32.96
43.68,33.04
43.76,33.12
43.84,33.2
43.92,33.28
43.92,33.36
44.0,33.44
44.08,33.52
44.160000000000004,33.6
44.160000000000004,33.68
44.24,33.76
44.32,33.84
44.4,33.92
44.4,34.0
44.480000000000004,34.08
44.56,34.160000000000004
44.64,34.24
44.64,34.32
44.72,34.4
44.800000000000004,34.480000000000004
44.88,34.56
44.88,34.64
44.96,34.72
45.04,34.800000000000004
45.12,34.88
45.12,34.96
45.2,35.04
45.28,35.12
45.28,35.2
45.36,35.28
45.44,35.36
45.52,35.44
45.52,35.52
45.6,35.6
45.6,35.68
45.68,35.76
45.68,35.84
45.68,35.92
45.76,36.0
45.84,36.08
45.84,36.160000000000004
45.84,36.24
45.84,36.32
45.92,36.4
45.92,36.480000000000004
45.92,36.56
45.92,36.64
45.92,36.72
46.0,36.800000000000004
46.0,36.88
46.0,36.96
46.0,37.04
46.08,37.12
46.08,37.2
46.08,37.28
46.08,37.36
46.08,37.44
46.08,37.52
46.160000000000004,37.6
46.160000000000004,37.68
46.160000000000004,37.76
46.160000000000004,37.84
46.160000000000004,37.92
46.24,38.0
46.24,38.08
46.24,38.160000000000004
46.24,38.24
46.24,38.32
46.32,38.4
46.32,38.480000000000004
46.32,38.56
46.32,38.64
46.32,38.72
46.4,38.800000000000004
46.4,38.88
46.4,38.96
46.4,39.04
46.4,39.12
46.480000000000004,39.2
46.480000000000004,39.28
46.480000000000004,39.36
46.480000000000004,39.44
46.480000000000004,39.52
46.56,39.6
46.56,39.68
46.56,39.76
46.56,39.84
46.56,39.92
46.56,40.0
46.56,40.08
46.56,40.160000000000004
46.56,40.24
46.56,40.32
46.56,40.4
46.64,40.480000000000004
46.64,40.56
46.64,40.64
46.64,40.72
46.64,40.800000000000004
46.64,40.88
46.64,40.96
46.56,41.04
46.56,41.12
46.56,41.2
46.56,41.28
46.56,41.36
46.56,41.44
46.56,41.52
46.56,41.6
46.56,41.68
46.56,41.76
46.56,41.84
46.56,41.92
46.480000000000004,42.0
46.480000000000004,42.08
46.480000000000004,42.160000000000004
46.480000000000004,42.24
46.480000000000004,42.32
46.480000000000004,42.4
46.480000000000004,42.480000000000004
46.480000000000004,42.56
46.480000000000004,42.64
46.480000000000004,42.72
46.480000000000004,42.800000000000004
46.4,42.88
46.4,42.96
46.4,43.04
46.4,43.12
46.4,43.2
46.4,43.28
46.4,43.36
46.4,43.44
46.4,43.52
46.32,43.6
46.32,43.68
46.32,43.76
46.32,43.84
46.32,43.92
46.32,44.0
46.32,44.08
46.32,44.160000000000004
46.32,44.24
46.32,44.32
46.24,44.4
46.24,44.480000000000004
46.24,44.56
46.24,44.64
46.24,44.72
46.24,44.800000000000004
46.24,44.88
46.24,44.96
46.24,45.04
46.24,45.12
46.24,45.2
46.160000000000004,45.28
46.160000000000004,45.36
46.160000000000004,45.44
46.160000000000004,45.52
46.160000000000004,45.6
46.160000000000004,45.68
46.160000000000004,45.76
46.160000000000004,45.84
46.160000000000004,45.92
46.160000000000004,46.0
46.08,46.08
46.08,46.160000000000004
46.08,46.24
46.08,46.32
46.08,46.4
46.08,46.480000000000004
46.08,46.56
46.08,46.64
46.08,46.72
46.08,46.800000000000004
46.08,46.88
46.08,46.96
46.0,47.04
46.0,47.12
46.0,47.2
46.0,47.28
46.0,47.36
46.0,47.44
46.0,47.52
46.0,47.6
46.0,47.68
46.0,47.76
46.0,47.84
46.0,47.92
46.0,48.0
45.92,48.08
45.92,48.160000000000004
45.92,48.24
45.92,48.32
45.92,48.4
45.92,48.480000000000004
45.92,48.56
45.92,48.64
45.92,48.72
45.92,48.800000000000004
45.92,48.88
45.84,48.96
45.84,49.04
45.84,49.120000000000005
45.84,49.2
45.84,49.28
45.84,49.36
45.84,49.44
45.84,49.52
45.84,49.6
45.84,49.68
45.76,49.76
45.76,49.84
45.76,49.92
45.76,50.0
45.76,50.08
45.76,50.160000000000004
45.76,50.24
45.76,50.32
45.76,50.4
45.76,50.480000000000004
45.68,50.56
45.68,50.64
45.68,50.72
45.68,50.800000000000004
45.68,50.88
45.68,50.96
45.68,51.04
45.68,51.120000000000005
45.68,51.2
45.68,51.28
45.6,51.36
45.6,51.44
45.6,51.52
45.6,51.6
45.6,51.68
45.6,51.76
45.6,51.84
45.6,51.92
45.6,52.0
45.6,52.08
45.52,52.160000000000004
45.52,52.24
45.52,52.32
45.52,52.4
45.52,52.480000000000004
45.52,52.56
45.52,52.64
45.52,52.72
45.52,52.800000000000004
45.52,52.88
45.44,52.96
45.44,53.04
45.44,53.120000000000005
45.44,53.2
45.44,53.28
45.44,53.36
45.44,53.44
45.44,53.52
45.44,53.6
45.44,53.68
45.44,53.76
45.44,53.84
45.36,53.92
45.36,54.0
45.36,54.08
45.36,54.160000000000004
45.36,54.24
45.36,54.32
45.36,54.4
45.36,54.480000000000004
45.36,54.56
45.36,54.64
45.36,54.72
45.36,54.800000000000004
45.28,54.88
45.28,54.96
45.28,55.04
45.28,55.120000000000005
45.28,55.2
45.28,55.28
45.28,55.36
45.28,55.44
45.28,55.52
45.28,55.6
45.28,55.68
45.28,55.76
45.2,55.84
45.2,55.92
45.2,56.0
45.2,56.08
45.2,56.160000000000004
45.2,56.24
45.2,56.32
45.2,56.4
45.2,56.480000000000004
45.2,56.56
45.2,56.64
45.2,56.72
45.2,56.800000000000004
45.2,56.88
45.2,56.96
45.2,57.04
45.2,57.120000000000005
45.2,57.2
45.2,57.28
45.2,57.36
45.2,57.44
45.2,57.52
45.12,57.6
45.12,57.68
45.12,57.76
45.12,57.84
45.12,57.92
45.04,57.92
44.96,57.92
44.88,57.92
44.800000000000004,57.92
44.72,57.92
44.64,57.92
44.56,57.92
44.480000000000004,57.92
44.4,57.92
44.32,57.92
44.24,57.92
44.160000000000004,57.92
44.08,57.92
44.0,57.92
43.92,57.92
43.84,57.92
43.76,57.92
43.68,57.92
43.6,57.92
43.52,57.92
43.44,57.92
43.36,57.92
43.28,57.92
43.2,57.92
43.12,57.92
43.04,57.92
42.96,57.84
42.88,57.84
42.800000000000004,57.84
42.72,57.84
42.64,57.84
42.56,57.84
42.480000000000004,57.84
42.4,57.84
42.32,57.84
42.24,57.84
42.160000000000004,57.84
42.08,57.84
42.0,57.84
41.92,57.84
41.84,57.84
41.76,57.84
41.68,57.84
41.6,57.84
41.52,57.84
41.44,57.84
41.36,57.84
41.28,57.84
41.2,57.84
41.12,57.84
41.04,57.84
40.96,57.84
40.88,57.84
40.800000000000004,57.84
40.72,57.84
40.64,57.84
40.56,57.84
40.480000000000004,57.84
40.4,57.84
40.32,57.84
40.24,57.84
40.160000000000004,57.84
40.08,57.84
40.0,57.84
39.92,57.76
39.84,57.76
39.76,57.76
39.68,57.76
39.6,57.76
39.52,57.76
39.44,57.76
39.36,57.76
39.28,57.76
39.2,57.76
39.12,57.76
39.04,57.76
38.96,57.76
38.88,57.76
38.800000000000004,57.76
38.72,57.76
38.64,57.76
38.56,57.76
38.480000000000004,57.76
38.4,57.76
38.32,57.76
38.24,57.76
38.160000000000004,57.76
38.08,57.76
38.0,57.76
37.92,57.76
37.84,57.76
37.76,57.76
37.68,57.76
37.6,57.76
37.52,57.76
37.44,57.68
37.36,57.68
37.28,57.68
37.2,57.68
37.12,57.68
37.04,57.68
36.96,57.68
36.88,57.68
36.800000000000004,57.68
36.72,57.68
36.64,57.68
36.56,57.68
36.480000000000004,57.68
36.4,57.68
36.32,57.68
36.24,57.68
36.160000000000004,57.68
36.08,57.68
36.0,57.68
35.92,57.68
35.84,57.68
35.76,57.68
35.68,57.68
35.6,57.68
35.52,57.68
35.44,57.68
35.36,57.68
35.28,57.68
35.2,57.68
35.12,57.68
35.04,57.68
34.96,57.6
34.88,57.6
34.800000000000004,57.6
34.72,57.6
34.64,57.6
34.56,57.6
34.480000000000004,57.6
34.4,57.6
34.32,57.6
34.24,57.6
34.160000000000004,57.6
34.08,57.6
34.0,57.6
33.92,57.6
33.84,57.6
33.76,57.6
33.68,57.6
33.6,57.6
33.52,57.6
33.44,57.6
33.36,57.6
33.28,57.6
33.2,57.6
33.12,57.6
33.04,57.6
32.96,57.6
32.88,57.6
32.8,57.6
32.72,57.6
32.64,57.6
32.56,57.6
32.480000000000004,57.6
32.4,57.6
32.32,57.6
32.24,57.52
32.160000000000004,57.52
32.08,57.52
32.0,57.52
31.92,57.52
31.84,57.52
31.76,57.52
31.68,57.52
31.6,57.52
31.52,57.52
31.44,57.52
31.36,57.52
31.28,57.52
31.2,57.52
31.12,57.52
31.04,57.52
30.96,57.52
30.88,57.52
30.8,57.52
30.72,57.52
30.64,57.52
30.560000000000002,57.52
30.48,57.52
30.400000000000002,57.52
30.32,57.52
30.240000000000002,57.52
30.16,57.52
30.080000000000002,57.52
30.0,57.52
29.92,57.52
29.84,57.52
29.76,57.44
29.68,57.44
29.6,57.44
29.52,57.44
29.44,57.44
29.36,57.44
29.28,57.44
29.2,57.44
29.12,57.44
29.04,57.44
28.96,57.44
28.88,57.44
28.8,57.44
28.72,57.44
28.64,57.44
28.560000000000002,57.44
28.48,57.44
28.400000000000002,57.44
28.32,57.44
28.240000000000002,57.44
28.16,57.44
28.080000000000002,57.44
28.0,57.44
27.92,57.44
27.84,57.44
27.76,57.44
27.68,57.44
27.6,57.44
27.52,57.44
27.44,57.44
27.36,57.36
27.28,57.36
27.2,57.36
27.12,57.36
27.04,57.36
26.96,57.36
26.88,57.36
26.8,57.36
26.72,57.36
26.64,57.36
26.560000000000002,57.36
26.48,57.36
26.400000000000002,57.36
26.32,57.36
26.240000000000002,57.36
26.16,57.36
26.080000000000002,57.36
26.0,57.36
25.92,57.36
25.84,57.36
25.76,57.36
25.68,57.36
25.6,57.36
25.52,57.36
25.44,57.36
25.36,57.36
25.28,57.36
25.2,57.36
25.12,57.36
25.04,57.36
24.96,57.36
24.88,57.36
24.8,57.36
24.72,57.36
24.64,57.36
24.560000000000002,57.28
24.48,57.28
24.400000000000002,57.28
24.32,57.28
24.240000000000002,57.28
24.16,57.28
24.080000000000002,57.28
24.0,57.28
23.92,57.28
23.84,57.28
23.76,57.28
23.68,57.28
23.6,57.28
23.52,57.28
23.44,57.28
23.36,57.28
23.28,57.28
23.2,57.28
23.12,57.28
23.04,57.28
22.96,57.28
22.88,57.28
22.8,57.28
22.72,57.28
22.64,57.28
22.56,57.28
22.48,57.28
22.400000000000002,57.28
22.32,57.28
22.240000000000002,57.28
22.16,57.28
22.080000000000002,57.28
22.0,57.28
21.92,57.28
21.84,57.28
21.76,57.28
21.68,57.2
21.6,57.2
21.52,57.2
21.44,57.2
21.36,57.2
21.28,57.2
21.2,57.2
21.12,57.2
21.04,57.2
20.96,57.2
20.88,57.2
20.8,57.2
20.72,57.2
20.64,57.2
20.56,57.2
20.48,57.2
20.400000000000002,57.2
20.32,57.2
20.240000000000002,57.2
20.16,57.2
20.080000000000002,57.2
20.0,57.2
19.92,57.2
19.84,57.2
19.76,57.2
19.68,57.2
19.6,57.2
19.52,57.2
19.44,57.2
19.36,57.2
19.28,57.2
19.2,57.2
19.12,57.2
19.04,57.120000000000005
18.96,57.120000000000005
18.88,57.120000000000005
18.8,57.120000000000005
18.72,57.120000000000005
18.64,57.120000000000005
18.56,57.120000000000005
18.48,57.120000000000005
18.400000000000002,57.120000000000005
18.32,57.120000000000005
18.240000000000002,57.04
18.16,57.04
18.080000000000002,57.04
18.0,57.04
17.92,57.04
17.84,57.04
17.76,57.04
17.68,57.04
17.6,56.96
17.52,56.96
17.44,56.96
17.36,56.96
17.28,56.88
17.2,56.88
17.12,56.88
17.04,56.88
16.96,56.88
16.88,56.800000000000004
16.8,56.800000000000004
16.72,56.800000000000004
16.64,56.800000000000004
16.56,56.72
16.48,56.72
16.4,56.72
16.32,56.72
16.240000000000002,56.64
16.16,56.64
16.080000000000002,56.64
16.0,56.64
15.92,56.56
15.84,56.56
15.76,56.56
15.68,56.56
15.6,56.56
15.52,56.480000000000004
15.44,56.480000000000004
15.36,56.480000000000004
15.280000000000001,56.480000000000004
15.200000000000001,56.480000000000004
15.120000000000001,56.4
15.040000000000001,56.4
14.96,56.4
14.88,56.4
14.8,56.32
14.72,56.32
14.64,56.32
14.56,56.32
14.48,56.32
14.4,56.24
14.32,56.24
14.24,56.24
14.16,56.24
14.08,56.160000000000004
14.0,56.160000000000004
13.92,56.160000000000004
13.84,56.160000000000004
13.76,56.08
13.68,56.08
13.6,56.08
13.52,56.08
13.44,56.0
13.36,56.0
13.280000000000001,56.0
13.200000000000001,56.0
13.120000000000001,55.92
13.040000000000001,55.92
12.96,55.92
12.88,55.92
12.8,55.92
12.72,55.84
12.64,55.84
12.56,55.84
12.48,55.84
12.4,55.84
12.32,55.76
12.24,55.76
12.16,55.76
12.08,55.76
12.0,55.76
11.92,55.68
11.84,55.68
11.76,55.68
11.68,55.68
11.6,55.6
11.52,55.6
11.44,55.6
11.36,55.6
11.28,55.52
11.200000000000001,55.52
11.120000000000001,55.52
11.040000000000001,55.52
10.96,55.44
10.88,55.44
10.8,55.44
10.72,55.44
10.64,55.36
10.56,55.36
10.48,55.36
10.4,55.36
10.32,55.28
10.24,55.28
10.16,55.28
10.08,55.28
10.0,55.2
9.92,55.2
9.84,55.2
9.76,55.2
9.68,55.2
9.6,55.120000000000005
9.52,55.120000000000005
9.44,55.120000000000005
9.36,55.120000000000005
9.28,55.120000000000005
9.200000000000001,55.04
9.120000000000001,55.04
9.040000000000001,55.04
8.96,55.04
8.88,54.96
8.8,54.96
8.72,54.96
8.64,54.96
8.56,54.96
8.48,54.88
8.4,54.88
8.32,54.88
8.24,54.88
8.16,54.800000000000004
8.08,54.800000000000004
8.0,54.800000000000004
7.92,54.800000000000004
7.84,54.72
7.76,54.72
7.68,54.72
7.6000000000000005,54.72
7.5200000000000005,54.64
7.44,54.64
7.36,54.64
7.28,54.64
7.2,54.56
7.12,54.56
7.04,54.56
6.96,54.56
6.88,54.56
6.8,54.480000000000004
6.72,54.480000000000004
6.640000000000001,54.480000000000004
6.5600000000000005,54.480000000000004
6.48,54.480000000000004
6.4,54.4
6.32,54.4
6.24,54.4
6.16,54.4
6.08,54.32
6.0,54.32
5.92,54.32
5.84,54.32
5.76,54.24
5.68,54.24
5.6000000000000005,54.160000000000004
5.5200000000000005,54.08
5.5200000000000005,54.0
5.44,54.08
5.36,54.08
5.28,54.08
5.2,54.08
5.12,54.08
5.04,54.08
4.96,54.08
4.88,54.0
4.8,54.0
4.72,54.0
4.64,54.0
4.5600000000000005,54.0
4.48,54.0
4.4,54.0
4.32,54.0
4.24,54.0
4.16,54.0
4.08,54.0
4.0,54.0
3.92,54.0
3.84,54.0
3.7600000000000002,54.0
3.68,53.92
3.6,53.92
3.52,53.92
3.44,53.92
3.36,53.92
3.2800000000000002,53.92
3.2,53.92
3.12,53.84
3.04,53.84
2.96,53.84
2.88,53.84
2.8000000000000003,53.84
2.72,53.84
2.64,53.84
2.56,53.76
2.48,53.76
2.4,53.76
2.32,53.76
2.24,53.76
2.16,53.76
2.08,53.76
2.0,53.68
1.92,53.68
1.84,53.68
1.76,53.68
1.68,53.68
1.6,53.68
1.52,53.68
1.44,53.6
1.36,53.6
1.28,53.6
1.2,53.6
1.12,53.6
1.04,53.6
0.96,53.52
0.88,53.52
0.8,53.44
0.8,53.36
0.72,53.28
0.64,53.2
0.56,53.120000000000005
0.56,53.04
0.48,52.96
59.52,61.84
59.44,61.76
59.36,61.76
59.28,61.76
59.2,61.76
59.120000000000005,61.76
59.04,61.76
58.96,61.76
58.88,61.76
58.800000000000004,61.68
58.72,61.68
58.64,61.68
58.56,61.68
58.480000000000004,61.68
58.4,61.68
58.32,61.68
58.24,61.6
58.160000000000004,61.6
58.08,61.6
58.0,61.6
57.92,61.6
57.84,61.6
57.76,61.6
57.68,61.52
57.6,61.52
57.52,61.52
57.44,61.44
57.36,61.44
57.28,61.44
57.2,61.36
57.120000000000005,61.36
57.04,61.36
56.96,61.28
56.88,61.28
56.800000000000004,61.28
56.72,61.2
56.64,61.2
56.56,61.2
56.480000000000004,61.120000000000005
56.4,61.120000000000005
56.32,61.120000000000005
56.24,61.04
56.160000000000004,61.04
56.08,60.96
56.0,60.96
55.92,60.96
55.84,60.88
55.76,60.88
55.68,60.88
55.6,60.800000000000004
55.52,60.800000000000004
55.44,60.800000000000004
55.36,60.72
55.28,60.72
55.2,60.72
55.120000000000005,60.64
55.04,60.64
54.96,60.64
54.88,60.56
54.800000000000004,60.56
54.72,60.56
54.64,60.480000000000004
54.56,60.480000000000004
54.480000000000004,60.480000000000004
54.4,60.4
54.32,60.4
54.24,60.32
54.160000000000004,60.32
54.08,60.32
54.0,60.24
53.92,60.24
53.84,60.24
53.76,60.160000000000004
53.68,60.160000000000004
53.6,60.160000000000004
53.52,60.08
53.44,60.08
53.36,60.0
53.28,60.0
53.2,60.0
53.120000000000005,59.92
53.04,59.92
52.96,59.92
52.88,59.92
52.800000000000004,59.84
52.72,59.84
52.64,59.76
52.56,59.76
52.480000000000004,59.76
52.4,59.68
52.32,59.68
52.24,59.68
52.160000000000004,59.6
52.08,59.6
52.0,59.6
51.92,59.52
51.84,59.52
51.76,59.44
51.68,59.44
51.6,59.44
51.52,59.36
51.44,59.36
51.36,59.36
51.28,59.36
51.2,59.28
51.120000000000005,59.28
51.04,59.2
50.96,59.2
50.88,59.2
50.800000000000004,59.120000000000005
50.72,59.120000000000005
50.64,59.120000000000005
50.56,59.04
50.480000000000004,59.04
50.4,59.04
50.32,58.96
50.24,58.96
50.160000000000004,58.96
50.08,58.88
50.0,58.88
49.92,58.88
49.84,58.88
49.76,58.88
49.68,58.800000000000004
49.6,58.800000000000004
49.52,58.800000000000004
49.44,58.800000000000004
49.36,58.72
49.28,58.72
49.2,58.64
49.120000000000005,58.64
49.04,58.64
48.96,58.64
48.88,58.64
48.800000000000004,58.56
48.72,58.56
48.64,58.56
48.56,58.56
48.480000000000004,58.56
48.4,58.56
48.32,58.480000000000004
48.24,58.480000000000004
48.160000000000004,58.480000000000004
48.08,58.480000000000004
48.0,58.480000000000004
47.92,58.480000000000004
47.84,58.4
47.76,58.4
47.68,58.4
47.6,58.4
47.52,58.4
47.44,58.32
47.36,58.32
47.28,58.32
47.2,58.32
47.12,58.32
47.04,58.32
46.96,58.24
46.88,58.24
46.800000000000004,58.24
46.72,58.24
46.64,58.24
46.56,58.24
46.480000000000004,58.160000000000004
46.4,58.160000000000004
46.32,58.160000000000004
46.24,58.160000000000004
46.160000000000004,58.160000000000004
46.08,58.08
46.0,58.08
45.92,58.08
45.84,58.08
45.76,58.08
45.68,58.08
45.6,58.08
45.52,58.08
45.44,58.0
45.36,58.0
45.28,58.0
45.2,57.92
5.6000000000000005,53.92
5.6000000000000005,53.84
5.6000000000000005,53.76
5.6000000000000005,53.68
5.6000000000000005,53.6
5.6000000000000005,53.52
5.6000000000000005,53.44
5.68,53.36
5.68,53.28
5.68,53.2
5.68,53.120000000000005
5.68,53.04
5.68,52.96
5.68,52.88
5.76,52.800000000000004
5.76,52.72
5.76,52.64
5.76,52.56
5.84,52.480000000000004
5.84,52.4
5.84,52.32
5.92,52.24
5.92,52.160000000000004
5.92,52.08
6.0,52.0
6.0,51.92
6.0,51.84
6.08,51.76
6.08,51.68
6.08,51.6
6.16,51.52
6.16,51.44
6.16,51.36
6.24,51.28
6.24,51.2
6.24,51.120000000000005
6.32,51.04
6.32,50.96
6.32,50.88
6.4,50.800000000000004
6.4,50.72
6.4,50.64
6.48,50.56
6.48,50.480000000000004
6.48,50.4
6.5600000000000005,50.32
6.5600000000000005,50.24
6.5600000000000005,50.160000000000004
6.640000000000001,50.08
6.640000000000001,50.0
6.640000000000001,49.92
6.72,49.84
6.72,49.76
6.72,49.68
6.8,49.6
6.8,49.52
6.8,49.44
6.88,49.36
6.96,49.28
6.96,49.2
7.04,49.120000000000005
7.12,49.04
7.2,48.96
7.28,48.88
7.36,48.800000000000004
7.44,48.72
7.5200000000000005,48.64
7.6000000000000005,48.56
7.68,48.480000000000004
7.76,48.4
7.84,48.32
7.92,48.24
8.0,48.160000000000004
8.08,48.08
8.16,48.0
8.24,47.92
8.32,47.84
8.4,47.76
8.48,47.68
8.56,47.6
8.64,47.52
8.72,47.44
8.8,47.36
8.88,47.28
8.96,47.2
9.040000000000001,47.12
9.120000000000001,47.04
9.200000000000001,46.96
9.28,46.88
9.36,46.800000000000004
9.44,46.72
9.52,46.64
9.6,46.56
9.6,46.480000000000004
9.68,46.4
9.76,46.32
9.84,46.24
9.92,46.160000000000004
10.0,46.08
10.08,46.0
10.16,45.92
10.24,45.84
10.32,45.76
10.4,45.68
10.48,45.6
10.56,45.52
10.64,45.44
10.72,45.36
10.8,45.28
10.88,45.2
10.96,45.12
11.040000000000001,45.04
11.120000000000001,44.96
11.200000000000001,44.88
11.28,44.800000000000004
11.36,44.72
11.44,44.64
11.52,44.56
11.6,44.480000000000004
11.68,44.4
11.76,44.32
11.84,44.24
11.92,44.160000000000004
12.0,44.08
12.08,44.0
12.16,43.92
12.24,43.84
12.32,43.76
12.32,43.68
12.4,43.6
12.48,43.52
12.56,43.44
12.64,43.36
12.72,43.28
12.8,43.2
12.88,43.12
12.96,43.04
13.040000000000001,42.96
13.120000000000001,42.88
13.200000000000001,42.800000000000004
13.280000000000001,42.72
13.36,42.72
13.44,42.64
13.52,42.56
13.6,42.480000000000004
13.68,42.4
13.76,42.32
13.84,42.32
13.92,42.24
14.0,42.160000000000004
14.08,42.08
14.16,42.0
14.24,41.92
14.32,41.92
14.4,41.84
14.48,41.76
14.56,41.68
14.64,41.6
14.72,41.52
14.8,41.44
14.88,41.44
14.96,41.36
15.040000000000001,41.28
15.120000000000001,41.2
15.200000000000001,41.12
15.280000000000001,41.04
15.36,41.04
15.44,40.96
15.52,40.88
15.6,40.800000000000004
15.68,40.72
15.76,40.64
15.84,40.56
15.92,40.56
16.0,40.480000000000004
16.080000000000002,40.4
16.16,40.32
16.240000000000002,40.24
16.32,40.160000000000004
16.4,40.160000000000004
16.48,40.08
16.56,40.08
16.64,40.0
16.72,40.0
16.8,39.92
16.88,39.92
16.96,39.84
17.04,39.84
17.12,39.76
17.2,39.76
17.28,39.68
17.36,39.68
17.44,39.6
17.52,39.6
17.6,39.52
17.68,39.52
17.76,39.44
17.84,39.44
17.92,39.36
18.0,39.36
18.080000000000002,39.28
18.16,39.2
18.240000000000002,39.2
18.32,39.12
18.400000000000002,39.12
18.48,39.04
18.56,39.04
18.64,38.96
18.72,38.96
18.8,38.88
18.88,38.88
18.96,38.800000000000004
19.04,38.800000000000004
19.12,38.72
19.2,38.72
19.28,38.64
19.36,38.64
19.44,38.56
19.52,38.56
19.6,38.480000000000004
19.68,38.480000000000004
19.76,38.4
19.84,38.4
19.92,38.32
20.0,38.32
20.080000000000002,38.24
20.16,38.24
20.240000000000002,38.160000000000004
20.32,38.160000000000004
20.400000000000002,38.08
20.48,38.08
20.56,38.0
20.64,38.0
20.72,37.92
20.8,37.92
20.88,37.84
20.96,37.84
21.04,37.76
21.12,37.76
21.2,37.68
21.28,37.68
21.36,37.6
21.44,37.6
21.52,37.52
21.6,37.52
21.68,37.44
21.76,37.44
21.84,37.36
21.92,37.36
22.0,37.28
22.080000000000002,37.2
22.16,37.2
22.240000000000002,37.12
22.32,37.12
22.400000000000002,37.04
22.48,37.04
22.56,36.96
22.64,36.96
22.72,36.88
22.8,36.88
22.88,36.800000000000004
22.96,36.800000000000004
23.04,36.72
23.12,36.72
23.2,36.64
23.28,36.64
23.36,36.56
23.44,36.56
23.52,36.480000000000004
23.6,36.480000000000004
23.68,36.4
23.76,36.4
23.84,36.32
23.92,36.32
24.0,36.24
24.080000000000002,36.24
24.16,36.160000000000004
24.240000000000002,36.08
24.32,36.0
24.400000000000002,36.0
24.48,35.92
24.560000000000002,35.84
24.64,35.76
24.72,35.68
24.8,35.6
24.88,35.52
24.96,35.44
25.04,35.36
25.04,35.28
25.12,35.2
25.2,35.12
25.28,35.04
25.36,34.96
25.44,34.88
25.52,34.800000000000004
25.6,34.72
25.68,34.64
25.76,34.56
25.84,34.480000000000004
25.92,34.4
26.0,34.32
26.080000000000002,34.24
26.080000000000002,34.160000000000004
26.16,34.08
26.240000000000002,34.0
26.32,33.92
26.400000000000002,33.84
26.48,33.76
26.560000000000002,33.68
26.64,33.6
26.72,33.52
26.8,33.44
26.88,33.36
26.96,33.28
27.04,33.2
27.12,33.12
27.2,33.04
27.28,32.96
27.36,32.88
27.44,32.8
27.52,32.72
27.6,32.64
27.68,32.56
27.76,32.480000000000004
27.84,32.4
27.92,32.32
28.0,32.32
28.080000000000002,32.24
28.16,32.160000000000004
28.240000000000002,32.160000000000004
28.32,32.08
28.400000000000002,32.0
28.48,31.92
28.560000000000002,31.92
28.64,31.84
28.72,31.76
28.8,31.76
28.88,31.68
28.96,31.6
29.04,31.6
29.12,31.52
29.2,31.44
29.28,31.44
29.36,31.36
29.44,31.28
29.52,31.2
29.6,31.2
29.68,31.12
29.76,31.04
29.84,31.04
29.92,30.96
30.0,30.88
30.080000000000002,30.88
30.16,30.8
30.240000000000002,30.72
30.32,30.72
30.400000000000002,30.64
30.48,30.560000000000002
30.560000000000002,30.48
30.64,30.48
30.72,30.400000000000002
30.8,30.32
30.88,30.32
30.96,30.240000000000002
31.04,30.16
31.12,30.16
31.2,30.080000000000002
31.28,30.0
31.36,29.92
31.44,29.92
31.52,29.84
31.6,29.76
31.68,29.76
31.76,29.68
31.84,29.6
31.92,29.6
32.0,29.52
32.08,29.44
32.160000000000004,29.36
32.24,29.36
32.32,29.28
32.4,29.2
32.480000000000004,29.2
32.56,29.12
32.64,29.04
32.72,29.04
32.8,28.96
32.88,28.88
32.96,28.88
33.04,28.8
33.12,28.72
33.2,28.64
33.28,28.64
33.36,28.560000000000002
33.44,28.48
33.52,28.48
33.6,28.400000000000002
33.68,28.32
33.76,28.240000000000002
33.84,28.240000000000002
33.92,28.16
34.0,28.080000000000002
34.08,28.080000000000002
34.160000000000004,28.0
34.24,27.92
34.32,27.92
34.4,27.84
34.480000000000004,27.76
34.56,27.76
34.64,27.68
34.72,27.6
34.800000000000004,27.52
34.88,27.52
34.96,27.44
35.04,27.36
35.12,27.36
35.2,27.28
35.28,27.2
35.36,27.12
35.44,27.12
35.52,27.12
35.6,27.12
35.68,27.04
35.76,27.04
35.84,27.04
35.92,26.96
36.0,26.88
36.08,26.8
36.160000000000004,26.72
36.160000000000004,26.64
36.08,26.560000000000002
36.0,26.48
35.92,26.400000000000002
35.84,26.32
35.76,26.240000000000002
35.68,26.16
35.6,26.080000000000002
35.52,26.0
35.44,25.92
35.36,25.84
35.28,25.76
35.2,25.76
35.12,25.76
35.04,25.76
34.96,25.68
34.88,25.68
34.800000000000004,25.68
34.72,25.6
34.64,25.6
34.56,25.6
34.480000000000004,25.52
34.4,25.52
34.32,25.52
34.24,25.44
34.160000000000004,25.44
34.08,25.44
34.0,25.36
33.92,25.36
33.84,25.36
33.76,25.28
33.68,25.28
33.6,25.28
33.52,25.2
33.44,25.2
33.36,25.2
33.28,25.2
33.2,25.12
33.12,25.12
33.04,25.12
32.96,25.04
32.88,25.04
32.8,25.04
32.72,25.04
32.64,24.96
32.56,24.96
32.480000000000004,24.96
32.4,24.88
32.32,24.88
32.24,24.88
32.160000000000004,24.8
32.08,24.8
32.0,24.8
31.92,24.72
31.84,24.72
31.76,24.72
31.68,24.64
31.6,24.64
31.52,24.64
31.44,24.64
31.36,24.560000000000002
31.28,24.560000000000002
31.2,24.560000000000002
31.12,24.48
31.04,24.48
30.96,24.48
30.88,24.48
30.8,24.400000000000002
30.72,24.400000000000002
30.64,24.400000000000002
30.560000000000002,24.32
30.48,24.32
30.400000000000002,24.32
30.32,24.240000000000002
30.240000000000002,24.240000000000002
30.16,24.240000000000002
30.080000000000002,24.16
30.0,24.16
29.92,24.16
29.84,24.16
29.76,24.080000000000002
29.68,24.080000000000002
29.6,24.080000000000002
29.52,24.0
29.44,24.0
29.36,24.0
29.28,23.92
29.2,23.92
29.12,23.92
29.04,23.84
28.96,23.84
28.88,23.84
28.8,23.84
28.72,23.76
28.64,23.76
28.560000000000002,23.76
28.48,23.68
28.400000000000002,23.68
28.32,23.68
28.240000000000002,23.68
28.16,23.6
28.080000000000002,23.6
28.0,23.6
27.92,23.52
27.84,23.52
27.76,23.52
27.68,23.52
27.6,23.44
27.52,23.44
27.44,23.44
27.36,23.44
27.28,23.44
27.2,23.44
27.12,23.44
27.04,23.44
26.96,23.44
26.88,23.44
26.8,23.44
26.72,23.44
26.64,23.44
26.560000000000002,23.52
26.48,23.52
26.400000000000002,23.52
26.32,23.52
26.240000000000002,23.52
26.16,23.52
26.080000000000002,23.52
26.0,23.52
25.92,23.52
25.84,23.52
25.76,23.52
25.68,23.52
25.6,23.6
25.52,23.6
25.44,23.6
25.36,23.6
25.28,23.6
25.2,23.6
25.12,23.6
25.04,23.6
24.96,23.6
24.88,23.6
24.8,23.6
24.72,23.6
24.64,23.68
24.560000000000002,23.68
24.48,23.68
24.400000000000002,23.68
24.32,23.68
24.240000000000002,23.68
24.16,23.68
24.080000000000002,23.68
24.0,23.68
23.92,23.68
23.84,23.68
23.76,23.68
23.68,23.68
23.6,23.68
23.52,23.68
23.44,23.68
23.36,23.76
23.28,23.76
23.2,23.76
23.12,23.76
23.04,23.76
22.96,23.76
22.88,23.76
22.8,23.76
22.72,23.76
22.64,23.76
22.56,23.76
22.48,23.76
22.400000000000002,23.76
22.32,23.76
22.240000000000002,23.76
22.16,23.84
22.080000000000002,23.84
22.0,23.84
21.92,23.84
21.84,23.84
21.76,23.84
21.68,23.84
21.6,23.84
21.52,23.84
21.44,23.84
21.36,23.84
21.28,23.84
21.2,23.84
21.12,23.92
21.04,23.92
20.96,23.92
20.88,23.92
20.8,23.92
20.72,23.92
20.64,23.92
20.56,23.92
20.48,23.92
20.400000000000002,23.92
20.32,23.92
20.240000000000002,23.92
20.16,23.92
20.080000000000002,23.92
20.0,24.0
19.92,24.0
19.84,24.0
19.76,24.0
19.68,24.0
19.6,24.0
19.52,24.0
19.44,24.0
19.36,24.0
19.28,24.0
19.2,24.0
19.12,24.0
19.04,24.080000000000002
18.96,24.080000000000002
18.88,24.080000000000002
18.8,24.080000000000002
18.72,24.080000000000002
18.64,24.080000000000002
18.56,24.080000000000002
18.48,24.080000000000002
18.400000000000002,24.080000000000002
18.32,24.080000000000002
18.240000000000002,24.080000000000002
18.16,24.080000000000002
18.080000000000002,24.16
18.0,24.16
17.92,24.16
17.84,24.16
17.76,24.16
17.68,24.16
17.6,24.16
17.52,24.16
17.44,24.16
17.36,24.16
17.28,24.16
17.2,24.16
17.12,24.16
17.04,24.240000000000002
16.96,24.240000000000002
16.88,24.240000000000002
16.8,24.240000000000002
16.72,24.240000000000002
16.64,24.240000000000002
16.56,24.240000000000002
16.48,24.240000000000002
16.4,24.240000000000002
16.32,24.240000000000002
16.240000000000002,24.240000000000002
16.16,24.240000000000002
16.080000000000002,24.240000000000002
16.0,24.32
15.92,24.32
15.84,24.32
15.76,24.32
15.68,24.32
15.6,24.32
15.52,24.32
15.44,24.32
15.36,24.32
15.280000000000001,24.32
15.200000000000001,24.32
15.120000000000001,24.32
15.040000000000001,24.32
14.96,24.400000000000002
14.88,24.400000000000002
14.8,24.400000000000002
14.72,24.400000000000002
14.64,24.400000000000002
14.56,24.400000000000002
14.48,24.400000000000002
14.4,24.400000000000002
14.32,24.400000000000002
14.24,24.400000000000002
14.16,24.400000000000002
14.08,24.400000000000002
14.0,24.400000000000002
13.92,24.400000000000002
13.84,24.400000000000002
13.76,24.48
13.68,24.48
13.6,24.48
13.52,24.48
13.44,24.48
13.36,24.48
13.280000000000001,24.48
13.200000000000001,24.48
13.120000000000001,24.48
13.040000000000001,24.48
12.96,24.48
12.88,24.48
12.8,24.48
12.72,24.48
12.64,24.560000000000002
12.56,24.560000000000002
12.48,24.560000000000002
12.4,24.560000000000002
12.32,24.560000000000002
12.24,24.560000000000002
12.16,24.560000000000002
12.08,24.560000000000002
12.0,24.560000000000002
11.92,24.560000000000002
11.84,24.560000000000002
11.76,24.560000000000002
11.68,24.560000000000002
11.6,24.560000000000002
11.52,24.560000000000002
11.44,24.560000000000002
11.36,24.560000000000002
11.28,24.48
11.200000000000001,24.48
11.120000000000001,24.48
11.040000000000001,24.48
10.96,24.48
10.88,24.48
10.8,24.400000000000002
10.72,24.400000000000002
10.64,24.400000000000002
10.56,24.400000000000002
10.48,24.32
10.4,24.32
10.32,24.32
10.24,24.32
10.16,24.240000000000002
10.08,24.240000000000002
10.0,24.240000000000002
9.92,24.240000000000002
9.84,24.16
9.76,24.16
9.68,24.16
9.6,24.080000000000002
9.52,24.0
9.44,24.0
9.36,23.92
9.28,23.92
9.200000000000001,23.84
9.120000000000001,23.76
9.040000000000001,23.76
8.96,23.68
8.88,23.6
8.8,23.52
8.72,23.44
8.64,23.36
8.56,23.28
8.48,23.2
8.4,23.12
8.32,23.04
8.32,22.96
8.24,22.88
8.16,22.8
8.08,22.72
8.0,22.64
8.0,22.56
7.92,22.48
7.84,22.400000000000002
7.76,22.32
7.68,22.240000000000002
7.6000000000000005,22.16
7.6000000000000005,22.080000000000002
7.5200000000000005,22.0
7.44,21.92
7.36,21.84
7.36,21.76
7.28,21.68
7.28,21.6
7.2,21.52
7.12,21.44
7.12,21.36
7.12,21.28
7.04,21.2
7.04,21.12
6.96,21.04
6.96,20.96
6.96,20.88
6.88,20.8
6.88,20.72
6.88,20.64
6.8,20.56
6.8,20.48
6.72,20.400000000000002
6.72,20.32
6.72,20.240000000000002
6.640000000000001,20.16
6.640000000000001,20.080000000000002
6.5600000000000005,20.0
6.5600000000000005,19.92
6.5600000000000005,19.84
6.48,19.76
6.48,19.68
6.4,19.6
6.4,19.52
6.4,19.44
6.32,19.36
6.32,19.28
6.32,19.2
6.32,19.12
6.24,19.04
6.24,18.96
6.16,18.88
6.16,18.8
6.16,18.72
6.08,18.64
6.08,18.56
6.0,18.48
6.0,18.400000000000002
6.0,18.32
5.92,18.240000000000002
5.92,18.16
5.92,18.080000000000002
5.84,18.0
5.84,17.92
5.76,17.84
5.76,17.76
5.76,17.68
5.68,17.6
5.68,17.52
5.68,17.44
5.6000000000000005,17.36
5.6000000000000005,17.28
5.6000000000000005,17.2
5.5200000000000005,17.12
5.5200000000000005,17.04
5.5200000000000005,16.96
5.44,16.88
5.44,16.8
5.36,16.72
5.36,16.64
5.36,16.56
5.28,16.48
5.28,16.4
5.2,16.32
5.2,16.240000000000002
5.2,16.16
5.12,16.080000000000002
5.12,16.0
5.12,15.92
5.04,15.84
5.04,15.76
5.04,15.68
4.96,15.6
4.96,15.52
4.96,15.44
4.88,15.36
4.88,15.280000000000001
4.8,15.200000000000001
4.8,15.120000000000001
4.8,15.040000000000001
4.72,14.96
4.72,14.88
4.64,14.8
4.64,14.72
4.64,14.64
4.5600000000000005,14.56
4.5600000000000005,14.48
4.48,14.4
4.48,14.32
4.48,14.24
4.4,14.16
4.4,14.08
4.4,14.0
4.32,13.92
4.32,13.84
4.32,13.76
4.24,13.68
4.24,13.6
4.24,13.52
4.16,13.44
4.16,13.36
4.16,13.280000000000001
4.08,13.200000000000001
4.08,13.120000000000001
4.08,13.040000000000001
4.08,12.96
4.08,12.88
4.08,12.8
4.0,12.72
4.0,12.64
4.0,12.56
4.0,12.48
4.0,12.4
3.92,12.32
3.92,12.24
3.92,12.16
3.92,12.08
3.92,12.0
3.92,11.92
3.84,11.84
3.84,11.76
3.84,11.68
3.84,11.6
3.84,11.52
3.84,11.44
3.7600000000000002,11.36
3.7600000000000002,11.28
3.7600000000000002,11.200000000000001
3.7600000000000002,11.120000000000001
3.7600000000000002,11.040000000000001
3.7600000000000002,10.96
3.7600000000000002,10.88
3.7600000000000002,10.8
3.68,10.72
3.68,10.64
3.68,10.56
3.68,10.48
3.68,10.4
3.68,10.32
78.4,14.08
78.48,14.0
78.56,14.0
78.64,13.92
78.64,13.84
78.64,13.76
78.64,13.68
78.72,13.6
78.72,13.52
78.72,13.44
78.72,13.36
78.72,13.280000000000001
78.72,13.200000000000001
78.8,13.120000000000001
78.8,13.040000000000001
78.8,12.96
78.8,12.88
78.8,12.8
78.8,12.72
78.88,12.64
78.88,12.56
78.88,12.48
78.88,12.4
78.88,12.32
78.88,12.24
78.88,12.16
78.96000000000001,12.08
78.96000000000001,12.0
78.96000000000001,11.92
78.96000000000001,11.84
78.96000000000001,11.76
79.04,11.68
79.04,11.6
79.04,11.52
79.04,11.44
79.04,11.36
79.12,11.28
79.12,11.200000000000001
79.12,11.120000000000001
79.12,11.040000000000001
79.12,10.96
79.12,10.88
79.2,10.8
79.2,10.72
79.2,10.64
79.2,10.56
79.2,10.48
79.28,10.4
79.28,10.32
79.28,10.24
79.28,10.16
79.28,10.08
79.28,10.0
79.36,9.92
79.36,9.84
79.36,9.76
79.36,9.68
79.36,9.6
79.36,9.52
79.36,9.44
79.44,9.36
79.44,9.28
79.44,9.200000000000001
79.44,9.120000000000001
79.44,9.040000000000001
79.44,8.96
79.52,8.88
79.52,8.8
79.52,8.72
79.60000000000001,8.64
79.60000000000001,8.56
79.68,8.48
79.68,8.4
79.76,8.32
79.84,8.24
79.92,8.24
80.0,8.16
80.08,8.08
80.16,8.08
80.24,8.0
80.32000000000001,7.92
80.4,7.92
80.48,7.84
80.56,7.76
80.64,7.76
80.72,7.68
80.8,7.6000000000000005
80.88,7.5200000000000005
80.96000000000001,7.5200000000000005
81.04,7.44
81.04,7.36
81.12,7.28
81.12,7.2
81.2,7.12
81.2,7.04
81.2,6.96
81.28,6.88
81.28,6.8
81.36,6.72
81.36,6.640000000000001
81.36,6.5600000000000005
81.44,6.48
81.44,6.4
81.52,6.32
81.52,6.24
81.60000000000001,6.16
81.60000000000001,6.08
81.60000000000001,6.0
81.68,5.92
